-- phpMyAdmin SQL Dump
-- version 5.0.2
-- https://www.phpmyadmin.net/
--
-- 主機： localhost
-- 產生時間： 2020 年 06 月 21 日 08:24
-- 伺服器版本： 10.4.11-MariaDB
-- PHP 版本： 7.2.30

SET SQL_MODE = "NO_AUTO_VALUE_ON_ZERO";
START TRANSACTION;
SET time_zone = "+00:00";


/*!40101 SET @OLD_CHARACTER_SET_CLIENT=@@CHARACTER_SET_CLIENT */;
/*!40101 SET @OLD_CHARACTER_SET_RESULTS=@@CHARACTER_SET_RESULTS */;
/*!40101 SET @OLD_COLLATION_CONNECTION=@@COLLATION_CONNECTION */;
/*!40101 SET NAMES utf8mb4 */;

--
-- 資料庫： `InSense`
--

-- --------------------------------------------------------

--
-- 資料表結構 `book`
--

CREATE TABLE `book` (
  `id` int(11) NOT NULL,
  `bookId` varchar(100) COLLATE utf8mb4_unicode_ci NOT NULL,
  `classId` varchar(100) COLLATE utf8mb4_unicode_ci DEFAULT NULL,
  `userId` varchar(100) COLLATE utf8mb4_unicode_ci DEFAULT NULL,
  `bookStatus` varchar(100) COLLATE utf8mb4_unicode_ci DEFAULT NULL,
  `bookQty` tinyint(3) DEFAULT NULL,
  `bookPrice` int(11) DEFAULT NULL,
  `bookTotalPrice` int(11) DEFAULT NULL,
  `created_at` datetime NOT NULL DEFAULT current_timestamp(),
  `updated_at` datetime NOT NULL DEFAULT current_timestamp() ON UPDATE current_timestamp()
) ENGINE=InnoDB DEFAULT CHARSET=utf8mb4 COLLATE=utf8mb4_unicode_ci;

-- --------------------------------------------------------

--
-- 資料表結構 `Brand`
--

CREATE TABLE `Brand` (
  `brandId` int(100) NOT NULL,
  `brandCode` varchar(100) COLLATE utf8mb4_unicode_ci DEFAULT NULL,
  `brandName` varchar(100) COLLATE utf8mb4_unicode_ci NOT NULL,
  `brandBanner` varchar(100) COLLATE utf8mb4_unicode_ci NOT NULL,
  `brandDiscription` varchar(500) COLLATE utf8mb4_unicode_ci NOT NULL COMMENT '品牌描述',
  `created_at` datetime NOT NULL DEFAULT current_timestamp(),
  `updated_at` datetime NOT NULL DEFAULT current_timestamp() ON UPDATE current_timestamp()
) ENGINE=InnoDB DEFAULT CHARSET=utf8mb4 COLLATE=utf8mb4_unicode_ci;

--
-- 傾印資料表的資料 `Brand`
--

INSERT INTO `Brand` (`brandId`, `brandCode`, `brandName`, `brandBanner`, `brandDiscription`, `created_at`, `updated_at`) VALUES
(1, 'BYREDO', 'BYREDO', 'banner-byredo', 'BYREDO 成立於 2006 年，設計充滿北歐時尚簡約的質感， 品牌統一以白色作設計主調，予人清淡、純淨的感覺。', '2020-01-03 10:10:22', '2020-06-20 12:22:16'),
(2, 'CHANEL', 'CHANEL', 'banner-chanel', 'CHANEL 追求高雅、簡潔、精美的風格，服裝線條簡單具有實用性，1921年起開發各式香水 。', '2020-01-03 10:10:24', '2020-06-20 12:22:09'),
(3, 'diptyque', 'Diptyque', 'banner- diptyque', 'Diptyque自1961年在巴黎創立，這些而優雅的質純香氛是來自旅行記憶及生活中信手拈來的真實創作，創造出故事般的夢幻香氛。', '2020-01-03 10:10:25', '2020-06-20 13:39:44'),
(4, 'JoMalone', 'Jo Malone London', 'banner-jomalone', '英國知名品牌Jo Malone London，香調簡單優雅，包裝採用古樸的法式藥劑師方瓶，婉約、低調。', '2020-01-03 10:10:26', '2020-06-20 13:40:05'),
(5, 'LeLabo', 'Le Labo', 'banner-lelabo', 'Le Labo原意為實驗室，2006年創立於紐約，迷人之處就在於它不過度精雕細琢美，加強香水的個人特質。', '2020-01-03 10:10:28', '2020-06-20 13:31:37');

-- --------------------------------------------------------

--
-- 資料表結構 `Class`
--

CREATE TABLE `Class` (
  `id` int(11) NOT NULL,
  `classId` varchar(100) COLLATE utf8mb4_unicode_ci NOT NULL COMMENT '課程編號',
  `className` varchar(100) COLLATE utf8mb4_unicode_ci DEFAULT NULL COMMENT '課程名稱',
  `classImg` varchar(100) COLLATE utf8mb4_unicode_ci DEFAULT NULL COMMENT '課程圖片',
  `classPeopleLimit` int(1) DEFAULT NULL COMMENT '人數限制',
  `classPrice` int(6) DEFAULT NULL COMMENT '課程價格',
  `classCategoryId` varchar(100) COLLATE utf8mb4_unicode_ci DEFAULT NULL COMMENT '課程分類',
  `classTime` date DEFAULT NULL COMMENT '上課日期',
  `shopId` varchar(100) COLLATE utf8mb4_unicode_ci DEFAULT NULL COMMENT '廠商編號',
  `isAlive` varchar(100) COLLATE utf8mb4_unicode_ci DEFAULT NULL COMMENT '課程狀態',
  `created_at` datetime NOT NULL DEFAULT current_timestamp(),
  `updated_at` datetime NOT NULL DEFAULT current_timestamp() ON UPDATE current_timestamp()
) ENGINE=InnoDB DEFAULT CHARSET=utf8mb4 COLLATE=utf8mb4_unicode_ci;

--
-- 傾印資料表的資料 `Class`
--

INSERT INTO `Class` (`id`, `classId`, `className`, `classImg`, `classPeopleLimit`, `classPrice`, `classCategoryId`, `classTime`, `shopId`, `isAlive`, `created_at`, `updated_at`) VALUES
(1, 'C_0001', 'LFP 客製化香水課程預約', 'class1', 30, 1500, 'CAT_1', '2020-12-01', 'S_0001', '1', '2020-03-18 16:16:16', '2020-03-18 16:16:16'),
(2, 'C_0002', 'LFP 個人化香水調香工作坊', 'class2', 30, 2250, 'CAT_1', '2020-12-02', 'S_0001', '1', '2020-03-19 16:16:16', '2020-03-19 16:16:16'),
(3, 'C_0003', 'LFP星座幸運香味－門市小型工作坊', 'class3', 30, 3000, 'CAT_1', '2020-12-03', 'S_0001', '1', '2020-03-20 16:16:16', '2020-03-20 16:16:16'),
(4, 'C_0004', 'LFP 甜蜜情人節-門市小型工作坊', 'class4', 30, 2300, 'CAT_1', '2020-12-04', 'S_0001', '1', '2020-03-21 16:16:16', '2020-03-21 16:16:16');

-- --------------------------------------------------------

--
-- 資料表結構 `ClassCategory`
--

CREATE TABLE `ClassCategory` (
  `id` int(11) NOT NULL,
  `classCategoryId` varchar(100) COLLATE utf8mb4_unicode_ci NOT NULL COMMENT '課程分類',
  `classCategoryName` varchar(100) COLLATE utf8mb4_unicode_ci DEFAULT NULL COMMENT '分類名稱',
  `created_at` datetime NOT NULL DEFAULT current_timestamp(),
  `updated_at` datetime NOT NULL DEFAULT current_timestamp() ON UPDATE current_timestamp()
) ENGINE=InnoDB DEFAULT CHARSET=utf8mb4 COLLATE=utf8mb4_unicode_ci;

--
-- 傾印資料表的資料 `ClassCategory`
--

INSERT INTO `ClassCategory` (`id`, `classCategoryId`, `classCategoryName`, `created_at`, `updated_at`) VALUES
(1, 'CAT_1', '香水', '2020-06-18 14:03:50', '2020-06-18 14:03:50'),
(2, 'CAT_2', '香皂', '2020-06-18 14:04:36', '2020-06-18 14:04:36');

-- --------------------------------------------------------

--
-- 資料表結構 `ClassDescription`
--

CREATE TABLE `ClassDescription` (
  `id` int(11) NOT NULL,
  `classId` varchar(100) COLLATE utf8mb4_unicode_ci NOT NULL,
  `shopId` varchar(100) COLLATE utf8mb4_unicode_ci DEFAULT NULL,
  `classContent` varchar(100) COLLATE utf8mb4_unicode_ci DEFAULT NULL,
  `classContent1` varchar(100) COLLATE utf8mb4_unicode_ci DEFAULT NULL,
  `classContent2` varchar(100) COLLATE utf8mb4_unicode_ci DEFAULT NULL,
  `classContent3` varchar(100) COLLATE utf8mb4_unicode_ci DEFAULT NULL,
  `classContent4` varchar(100) COLLATE utf8mb4_unicode_ci DEFAULT NULL,
  `created_at` datetime NOT NULL DEFAULT current_timestamp(),
  `updated_at` datetime NOT NULL DEFAULT current_timestamp() ON UPDATE current_timestamp()
) ENGINE=InnoDB DEFAULT CHARSET=utf8mb4 COLLATE=utf8mb4_unicode_ci;

--
-- 傾印資料表的資料 `ClassDescription`
--

INSERT INTO `ClassDescription` (`id`, `classId`, `shopId`, `classContent`, `classContent1`, `classContent2`, `classContent3`, `classContent4`, `created_at`, `updated_at`) VALUES
(1, 'C_0001', 'S_0001', '｜認識香水｜香水基礎知識介紹、香水分類 、香調認識', '｜設計配方｜香水配方組成 、搭配香型、香水鑑賞、專屬香水命名', '｜調香實作｜嗅覺創作、客製化香水針管樣本、調整香水配方比例、確認訂單', 'null', 'null', '2020-03-08 16:20:16', '2020-06-21 11:25:15'),
(2, 'C_0002', 'S_0001', '｜認識香水｜香水基礎知識介紹、香水分類 、香調認識', '｜調香實作｜嗅覺創作、客製化香水針管樣本、調整香水配方比例、確認訂單', 'null', 'null', 'null', '2020-03-09 16:20:16', '2020-06-21 11:25:18'),
(3, 'C_0003', 'S_0001', '｜星座幸運香味｜分析2020年各星座的幸運香味以及專屬香味搭配建議', '｜認識香水｜香水基礎知識介紹、香水分類 、香調認識', '｜設計配方｜香水配方組成 、搭配香型、香水鑑賞、專屬香水命名', '｜調香實作｜嗅覺創作、客製化香水針管樣本、調整香水配方比例、確認訂單', 'null', '2020-03-10 16:20:16', '2020-06-21 11:25:21'),
(4, 'C_0004', 'S_0001', '｜認識香水｜香水基礎知識介紹、香水分類 、香調認識', '｜設計配方｜香水配方組成 、搭配香型、香水鑑賞、專屬香水命名', '｜調香實作｜嗅覺創作、客製化香水針管樣本、調整香水配方比例、確認訂單', 'null', 'null', '2020-03-11 16:20:16', '2020-06-21 11:25:24');

-- --------------------------------------------------------

--
-- 資料表結構 `Coupon`
--

CREATE TABLE `Coupon` (
  `couponId` int(11) NOT NULL,
  `couponCode` varchar(10) COLLATE utf8mb4_unicode_ci DEFAULT NULL,
  `couponName` varchar(10) COLLATE utf8mb4_unicode_ci DEFAULT NULL,
  `couponDiscount` int(11) DEFAULT NULL,
  `couponStart` date DEFAULT NULL,
  `couponEnd` date DEFAULT NULL,
  `created_at` datetime DEFAULT NULL ON UPDATE current_timestamp(),
  `updated_at` datetime DEFAULT NULL ON UPDATE current_timestamp()
) ENGINE=InnoDB DEFAULT CHARSET=utf8mb4 COLLATE=utf8mb4_unicode_ci;

-- --------------------------------------------------------

--
-- 資料表結構 `CreditCards`
--

CREATE TABLE `CreditCards` (
  `id` int(11) NOT NULL,
  `userId` varchar(100) COLLATE utf8mb4_unicode_ci NOT NULL,
  `cdFirstName` varchar(100) COLLATE utf8mb4_unicode_ci NOT NULL,
  `cdLastName` varchar(100) COLLATE utf8mb4_unicode_ci NOT NULL,
  `cdMonth` int(2) NOT NULL,
  `cdYear` int(2) NOT NULL,
  `cdNumber` varchar(19) COLLATE utf8mb4_unicode_ci NOT NULL,
  `created_at` datetime NOT NULL DEFAULT current_timestamp(),
  `updated_at` datetime NOT NULL DEFAULT current_timestamp() ON UPDATE current_timestamp()
) ENGINE=InnoDB DEFAULT CHARSET=utf8mb4 COLLATE=utf8mb4_unicode_ci;

--
-- 傾印資料表的資料 `CreditCards`
--

INSERT INTO `CreditCards` (`id`, `userId`, `cdFirstName`, `cdLastName`, `cdMonth`, `cdYear`, `cdNumber`, `created_at`, `updated_at`) VALUES
(1, 'U0000001', 'ZhongTing', 'Zhou', 1, 22, '0000-0000-0000-0000', '2020-06-12 15:08:54', '2020-06-12 15:08:54'),
(1, 'U0001', 'C', 'Chen', 1, 22, '0000-0000-0000-0000', '2020-06-12 15:08:54', '2020-06-20 14:03:54');

-- --------------------------------------------------------

--
-- 資料表結構 `Fragance`
--

CREATE TABLE `Fragance` (
  `fraganceId` int(50) NOT NULL COMMENT '香調編號',
  `fraganceName` varchar(50) COLLATE utf8mb4_unicode_ci DEFAULT NULL COMMENT '香調名稱',
  `created_at` datetime NOT NULL DEFAULT current_timestamp() COMMENT '新增時間',
  `updated_at` datetime NOT NULL DEFAULT current_timestamp() COMMENT '更新時間'
) ENGINE=InnoDB DEFAULT CHARSET=utf8mb4 COLLATE=utf8mb4_unicode_ci;

--
-- 傾印資料表的資料 `Fragance`
--

INSERT INTO `Fragance` (`fraganceId`, `fraganceName`, `created_at`, `updated_at`) VALUES
(1, '花香調', '2020-06-12 16:10:18', '2020-06-12 16:10:18'),
(2, '清新香調', '2020-06-12 16:10:18', '2020-06-12 16:10:18'),
(3, '溫暖辛辣香調', '2020-06-12 16:11:35', '2020-06-12 16:11:35'),
(4, '木質香調', '2020-06-12 16:11:35', '2020-06-12 16:11:35');

-- --------------------------------------------------------

--
-- 資料表結構 `ItemCategories`
--

CREATE TABLE `ItemCategories` (
  `itemCategoryId` int(10) NOT NULL,
  `itemCategoryName` varchar(100) COLLATE utf8mb4_unicode_ci DEFAULT NULL,
  `itemCategoryIdParentId` int(10) NOT NULL DEFAULT 0,
  `itemCategoryBanner` varchar(100) COLLATE utf8mb4_unicode_ci NOT NULL,
  `itemCategoryCode` varchar(40) COLLATE utf8mb4_unicode_ci NOT NULL,
  `created_at` datetime NOT NULL DEFAULT current_timestamp(),
  `updated_at` datetime NOT NULL DEFAULT '0000-00-00 00:00:00' ON UPDATE current_timestamp()
) ENGINE=InnoDB DEFAULT CHARSET=utf8mb4 COLLATE=utf8mb4_unicode_ci;

--
-- 傾印資料表的資料 `ItemCategories`
--

INSERT INTO `ItemCategories` (`itemCategoryId`, `itemCategoryName`, `itemCategoryIdParentId`, `itemCategoryBanner`, `itemCategoryCode`, `created_at`, `updated_at`) VALUES
(1, '身體保養', 0, '', 'body-care', '2020-01-03 10:10:22', '2020-06-20 11:11:40'),
(2, '個人香氛', 0, '', 'self-fragrance', '2020-01-03 10:10:24', '2020-06-20 11:11:34'),
(3, '室內香氛', 0, 'banner-home-scents', 'home-scents', '2020-01-03 10:10:25', '2020-06-20 17:33:48'),
(4, '沐浴清潔', 1, 'banner-body-wash', 'body-wash', '2020-01-03 10:10:26', '2020-06-20 17:34:06'),
(5, '乳液和保養油', 1, 'banner-lotions-oils', 'lotions-oils', '2020-01-03 10:10:28', '2020-06-20 17:34:22'),
(6, '手部保養', 1, 'banner-hands-care', 'hands-care', '2020-01-03 10:10:22', '2020-06-20 17:34:24'),
(7, '香水', 2, 'banner-perfume', 'perfume', '2020-01-03 10:10:24', '2020-06-20 17:34:30'),
(8, '髮香噴霧與隨身香水', 2, 'banner-hair-mist-travel-size', 'hair-mist-travel-size', '2020-01-03 10:10:25', '2020-06-20 17:34:38');

-- --------------------------------------------------------

--
-- 資料表結構 `Items`
--

CREATE TABLE `Items` (
  `id` int(6) NOT NULL,
  `itemId` varchar(10) COLLATE utf8mb4_unicode_ci NOT NULL,
  `itemName` varchar(200) COLLATE utf8mb4_unicode_ci DEFAULT NULL,
  `itemImg` varchar(500) COLLATE utf8mb4_unicode_ci DEFAULT NULL,
  `itemImg2` varchar(11) COLLATE utf8mb4_unicode_ci DEFAULT NULL,
  `itemSize` varchar(11) COLLATE utf8mb4_unicode_ci DEFAULT NULL,
  `itemPrice` int(10) DEFAULT NULL,
  `itemQty` int(100) DEFAULT NULL,
  `itemCategoryId` int(10) DEFAULT NULL,
  `brandId` int(6) DEFAULT NULL,
  `fragranceId` varchar(6) COLLATE utf8mb4_unicode_ci DEFAULT NULL,
  `description` varchar(2000) COLLATE utf8mb4_unicode_ci DEFAULT NULL,
  `fraganceDetails` varchar(1000) COLLATE utf8mb4_unicode_ci DEFAULT NULL,
  `created_at` datetime NOT NULL DEFAULT current_timestamp() ON UPDATE current_timestamp(),
  `updated_at` datetime NOT NULL DEFAULT current_timestamp() ON UPDATE current_timestamp()
) ENGINE=InnoDB DEFAULT CHARSET=utf8mb4 COLLATE=utf8mb4_unicode_ci;

--
-- 傾印資料表的資料 `Items`
--

INSERT INTO `Items` (`id`, `itemId`, `itemName`, `itemImg`, `itemImg2`, `itemSize`, `itemPrice`, `itemQty`, `itemCategoryId`, `brandId`, `fragranceId`, `description`, `fraganceDetails`, `created_at`, `updated_at`) VALUES
(1, 'P0001', 'BYREDO 詩性既視淡香精', 'P0001', '', '50ml', 3900, 6, 7, 1, '3', '以男性視角所喚起的過往回憶與真實渴望，但並沒有限制了這款香氣所屬的性別。\n 一開頭便以甜沒藥的香甜揭開煙燻感的蜂蜜氣息，塑造馥郁醉人的經典琥珀香。\n 中調的岩薔薇續地加強了香氣主體的滑順柔軟，同時具有天竺葵的躍騰清新。\n 基底則利用香草與廣藿香為香調重心，擴散的香甜香草蓋上撲朔迷離的廣藿香面紗，將已知與未知；明亮與黯然，相互調和。', '香調：\n 前調：紅沒藥\n 中調：岩薔薇、天竺葵、紫羅蘭\n 後調：香草、廣藿香', '2020-06-18 13:51:12', '2020-06-18 13:51:12'),
(2, 'P0002', 'BYREDO 光合假期淡香精', 'P0002', NULL, '50ml', 3900, 10, 7, 1, '2', '透過豐富的柑橘與檸檬香氣，將加州陽光與海濱的夏日氛圍展露無疑。\n 酸甜清爽之間，參著優雅如日光綿延的橙花與茉莉花香。\n 最後以甜美柔軟的棉花糖與麝香，創造出明亮溫暖的光合假期，呈現出夏日情懷的迷幻感。', 'null', '2020-06-18 13:51:18', '2020-06-18 13:51:18'),
(3, 'P0003', 'BYREDO 無人之境淡香精', 'P0003', '', '50ml', 3900, 10, 7, 1, '1', 'BYREDO無人之境淡香精，\n 是向第一次世界大戰時，在前線搶救無數生命的「荒原玫瑰」護士致敬。\n 代表著憐憫且無私的愛心。\n 帶來全然的安撫舒適，精緻優雅的香氣溫柔地包覆肌膚並充滿堅定的力量。\n \n \n 它就是荒涼境地的一朵玫瑰，\n 具有堅韌的生命力，獨自綻放在荒野。\n 以玫瑰為主調，搭配粉紅胡椒，交織出不同於以往的香味，\n 而細膩的玫瑰花香，亦隱含著淡淡的覆盆子清新香調，\n 充滿層次感的香氣讓人著迷。', '香調︰\n 前調以粉紅胡椒、土耳其玫瑰、覆盆子花為開端，\n 後續帶出紙莎草的草本甘甜與白琥珀的大地氣息。\n 有別於甜膩的玫瑰，BYREDO 無人之境淡香精充滿了對女性堅毅與勇氣的致敬，\n 是一款乾爽、溫暖的中性玫瑰香調。', '2020-06-18 13:51:27', '2020-06-18 13:51:27'),
(4, 'P0004', 'BYREDO 北國之春淡香精', 'P0004', '', '50ml', 3900, 10, 7, 1, '4', '乾淨的木質香，乾燥冷冽，富有深度。雪松讓人回想起兒時削鉛筆的氣味，回憶起剛開始學習，那快樂而簡單的生活，雪松與玫瑰花瓣的清甜，無疑添增了溫暖的現代感，透過調香師的氣味堆疊，創造出深度的香氣。', '香調：玫瑰花瓣、維吉尼亞雪松、絲絨麝香、海地岩蘭草。', '2020-06-18 13:51:32', '2020-06-18 13:51:32'),
(5, 'P0005', 'BYREDO 週日之香淡香精', 'P0005', 'null', '100ml', 6200, 10, 7, 1, '3', '中味為芬芳的花朵以及綠色香調的後味，並添加了一絲辛香的經典古龍水。', '香調：佛手柑、大茴香、薰香、薰衣草以及香根草。', '2019-11-25 11:11:15', '2019-11-25 11:11:15'),
(6, 'P0006', 'BYREDO 吉普賽之水淡香精', 'P0006', 'null', '100ml', 6200, 10, 7, 1, '3', '引人迷醉的吉卜賽風格，清新的土壤氣息混合了柴火溫暖的畫面，如此地貼近大自然。', '香調：佛手柑、焚香、松針葉、鳶尾草、琥珀以及香草。', '2020-06-17 17:04:21', '2020-06-17 17:04:21'),
(7, 'P0007', 'BYREDO 夜幕玫瑰淡香精', 'P0007', 'null', '100ml', 6200, 10, 7, 1, '1', '對於愛情經典象徵的全新詮釋，泥土香調為濃郁的經典大馬士革玫瑰香氣帶來更沉穩而神秘的深度。', '香調：葡萄柚、大馬士革玫瑰、青苔以及麝香。', '2019-11-25 11:11:17', '2019-11-25 11:11:17'),
(8, 'P0008', 'BYREDO 鬱金香淡香精', 'P0008', 'null', '100ml', 6200, 10, 7, 1, '1', '使用鬱金香製作香水時的難度在於這種花朵難以用蒸餾法留住其香氣。\n 這款淡香精的靈感來自於春天新摘下的鬱金香莖的新鮮氣息。', '香調：鬱金香、金色木香以及香根草。', '2019-11-25 11:11:18', '2019-11-25 11:11:18'),
(9, 'P0009', 'BYREDO 光合假期髮香噴霧', 'P0009', 'null', '75ml', 1800, 10, 8, 1, '2', '透過豐富的柑橘與檸檬香氣，將加州陽光與海濱的夏日氛圍展露無疑。\n 酸甜清爽之間，參著優雅如日光綿延的橙花與茉莉花香。\n 最後以甜美柔軟的棉花糖與麝香，創造出明亮溫暖的光合假期，呈現出夏日情懷的迷幻感。使用方式︰\n 距離頭部15cm距離，噴灑於頭髮後，輕輕撥動頭髮讓香氣均勻擴散。', 'null', '2019-11-25 11:11:19', '2019-11-25 11:11:19'),
(10, 'P0010', 'BYREDO 吉普賽之水髮香噴霧', 'P0010', 'null', '75ml', 1800, 10, 8, 1, '3', '使用方式︰\n 距離頭部15cm距離，噴灑於頭髮後，輕輕撥動頭髮讓香氣均勻擴散。', '香調：佛手柑、焚香、松針葉、鳶尾草、琥珀以及香草。', '2019-11-25 11:11:20', '2019-11-25 11:11:20'),
(11, 'P0011', 'BYREDO 鬱金香髮香噴霧', 'P0011', 'null', '75ml', 1800, 10, 8, 1, '1', '使用方式︰\n 距離頭部15cm距離，噴灑於頭髮後，輕輕撥動頭髮讓香氣均勻擴散。', '香調：鬱金香、金色木香以及香根草。', '2019-11-25 11:11:21', '2019-11-25 11:11:21'),
(12, 'P0012', 'BYREDO 旅行組皮套', 'P0012', 'null', 'null', 2800, 10, 8, 1, 'null', '使用方式︰\n 套住BYREDO淡香精旅行組。', 'null', '2020-06-20 00:57:36', '2020-06-20 00:57:36'),
(13, 'P0013', 'BYREDO 淡香精旅行組-城市游牧（熱帶爵士／返樸歸真／吉普賽之水）', 'P0013', 'null', '30ml', 3000, 10, 8, 1, '4', 'null', 'null', '2020-06-20 00:57:40', '2020-06-20 00:57:40'),
(14, 'P0014', 'BYREDO 麂皮乾洗手', 'P0014', 'null', '30ml', 1000, 10, 6, 1, '4', '獨特配方讓你在移動中也可輕柔清潔雙手，去除黏膩感的同時給予手部肌膚滋潤，只需擠出一小滴在手心，均勻塗抹於雙手便可立即達到潔淨與清爽。', '如清風徐來般的花香、洋梨的香甜、燦爛的佛手柑與輕新的醛花香，一同細緻融合在一起。\n 麂皮緩緩的展露出山谷百合那女性且綠質的些微差異，與紫羅蘭的影子一同起舞。\n 才緩緩的坐落在以柔軟的麝香、柔順絨滑的歐洲李及清甜琥珀，所構築的底蘊。', '2019-11-25 11:11:25', '2019-11-25 11:11:25'),
(15, 'P0015', 'BYREDO 鬱金香乾洗手', 'P0015', 'null', '30ml', 1000, 10, 6, 1, '1', '鬱金香隨身乾洗手，具有酒精成分，用以保持手部清潔，\n 可搭配鬱金香護手霜增加香氣的層次，乾洗手與護手霜是最適合旅行狂熱者的手部組合。', 'null', '2019-11-25 11:11:26', '2019-11-25 11:11:26'),
(16, 'P0016', 'BYREDO 玫瑰護手霜', 'P0016', 'null', '100ml', 1900, 10, 6, 1, '1', '淡雅宜人的玫瑰香氣、滋潤的質地，享受保養過後帶來的極致柔嫩觸感。', 'null', '2019-11-25 11:11:27', '2019-11-25 11:11:27'),
(17, 'P0017', 'BYREDO 鬱金香護手霜', 'P0017', 'null', '100ml', 1900, 10, 6, 1, '1', '2019 年冬天推出【鬱金香狂熱】手部系列，延伸廣受歡迎的鬱金香淡香精氣息，\n 以持久繚繞的木質香氣為基調，突顯著優雅小蒼蘭的透明花香氣息。\n \n 使用方法：\n 隨時塗抹於雙手搓揉至吸收。', 'null', '2019-11-25 11:11:28', '2019-11-25 11:11:28'),
(18, 'P0018', 'BYREDO 熱帶爵士護手霜', 'P0018', 'null', '30ml', 1900, 10, 6, 1, '1', '靈感來自於20年代時前衛新潮的巴黎非洲混合風格。\n 此番推出 30ml 護手霜，滋潤好吸收，不黏膩。\n 是小巧的攜帶版護手產品。', '香調：橙花、非洲金盞花、茉莉、黑琥珀以及雪松。', '2020-06-19 12:39:22', '2020-06-19 12:39:22'),
(19, 'P0019', 'BYREDO 岩蘭草乾洗手', 'P0019', 'null', '30ml', 1000, 10, 6, 1, '2', '獨特配方讓你在移動中也可輕柔清潔雙手，去除黏膩感的同時給予手部肌膚滋潤，只需擠出一小滴在手心，均勻塗抹於雙手便可立即達到潔淨與清爽。\n \n 以活力無限的結合作為開場，略帶甜味的歐白芷籽與神清氣爽的柚子為搭配。\n 岩蘭草的中心，釋放出一陣輕盈的組合、揉合了草本、芳香的馬黛茶香，交織著溫暖馥郁的茉莉花瓣香氣與粉感的紫羅蘭香。\n 最後是無盡帶著大地氣息的岩蘭草香與充斥感官的喀什米爾麝香，停滯於肌膚上。', 'null', '2019-12-15 12:12:13', '2019-12-25 10:10:11'),
(20, 'P0020', 'BYREDO 麂皮手部清潔露', 'P0020', 'null', '450ml', 1650, 10, 6, 1, '4', '柔順液體狀手部清潔液，不乾澀易洗清的居家富裕香氛選擇。', '香調：\n 前調：甜梨、佛手柑、清新醛香 中調: 鈴蘭、紫羅蘭\n 後調：麝香、絲絨李、琥珀', '2019-12-15 12:12:15', '2019-12-25 10:10:13'),
(21, 'P0021', 'BYREDO 鬱金香手部清潔露', 'P0021', 'null', '450ml', 1650, 10, 6, 1, '1', 'BYREDO 2019 冬季全新手部保養系列將挑戰重新定義鬱金香香氣的內在價值。\n 以鬱金香在「鬱金香狂熱」期間前所未有的抽象意涵為靈感：純粹的經濟資產，這款全新香氣試圖重新建構一種想像的氣息。\n \n 使用方式：\n 使用於濕潤的雙手上按摩後沖洗乾淨。', 'null', '2019-12-15 12:12:16', '2019-12-25 10:10:14'),
(22, 'P0022', 'BYREDO 玫瑰手部清潔露', 'P0022', 'null', '450ml', 1650, 10, 6, 1, '1', '淡雅的玫瑰香氣、細緻的質地，溫和清潔並潤澤柔嫩雙手肌膚，讓你一整天散發令人心醉神迷的愉悅氣息。\n \n \n 使用方式：\n 使用於濕潤的雙手上按摩後沖洗乾淨。', 'null', '2019-12-15 12:12:17', '2019-12-25 10:10:15'),
(23, 'P0023', 'BYREDO 鬱金香沐浴膠', 'P0023', 'null', '225ml', 1600, 10, 4, 1, '1', '使用鬱金香製作香水時的難度在於這種花朵難以用蒸餾法留住其香氣。\n 這款淡香精的靈感來自於春天新摘下的鬱金香莖的新鮮氣息。\n 此番推出沐浴膠，將香氣鎖在肌膚上，洗完肌膚猶如絲綢般滑順且散發出低調的陣陣香氣。', 'null', '2019-12-15 12:12:18', '2019-12-25 10:10:16'),
(24, 'P0024', 'BYREDO 無人之境沐浴膠', 'P0024', 'null', '225ml', 1600, 10, 4, 1, '1', '此款香調，向第一次世界大戰時，在前線搶救無數生命的「荒原玫瑰」，護士致敬，代表憐憫且無私的愛心。\n 帶來全然的安撫舒適，精緻優雅的香氣溫柔地包覆肌膚並充滿堅定的力量。\n \n \n \n 此番推出沐浴膠，將香氣鎖在肌膚上，洗完肌膚猶如絲綢般滑順且散發出低調的陣陣香氣。', '香調︰\n 前調以粉紅胡椒、土耳其玫瑰、覆盆子花為開端，\n 後續帶出紙莎草的草本甘甜與白琥珀的大地氣息。\n 有別於甜膩的玫瑰，BYREDO 無人之境淡香精充滿了對女性堅毅與勇氣的致敬，\n 是一款乾爽、溫暖的中性玫瑰香調。', '2019-12-15 12:12:19', '2019-12-25 10:10:17'),
(25, 'P0025', 'BYREDO 莫哈維之影沐浴膠', 'P0025', 'null', '225ml', 1600, 10, 4, 1, '4', '由沉穩的木質香調組成，但仍有一絲輕盈優雅最終慢慢地顯露出其真實的濃烈情感。\n 此番推出沐浴膠，將香氣鎖在肌膚上，洗完肌膚猶如絲綢般滑順且散發出低調的陣陣香氣。', '香調：牙買加水果Nesberry、紫羅蘭、木蘭、麝香、雪松。', '2019-12-15 12:12:20', '2019-12-25 10:10:18'),
(26, 'P0026', 'BYREDO 無人之境身體乳', 'P0026', 'null', '225ml', 2200, 10, 5, 1, '1', '此款香調，向第一次世界大戰時，在前線搶救無數生命的「荒原玫瑰」，護士致敬，代表憐憫且無私的愛心。\n 帶來全然的安撫舒適，精緻優雅的香氣溫柔地包覆肌膚並充滿堅定的力量。\n 使用方法：使用於潔淨後身體肌膚，按摩至完全吸收。', '香調︰\n 前調以粉紅胡椒、土耳其玫瑰、覆盆子花為開端，\n 後續帶出紙莎草的草本甘甜與白琥珀的大地氣息。\n 有別於甜膩的玫瑰，BYREDO 無人之境淡香精充滿了對女性堅毅與勇氣的致敬，\n 是一款乾爽、溫暖的中性玫瑰香調。', '2019-12-15 12:12:21', '2019-12-25 10:10:19'),
(27, 'P0027', 'BYREDO 逝去之愛香氛蠟燭', 'P0027', 'null', '240g', 2200, 10, 3, 1, '4', '基調為晚香玉，這款香氛在柑橘香調及木質香調間完美平衡。', '苦橙、野生睌香玉、紙莎草及黑色雪松', '2020-06-20 00:57:55', '2020-06-20 00:57:55'),
(28, 'P0028', 'BYREDO 幽香追憶香氛蠟燭', 'P0028', 'null', '240g', 2200, 10, 3, 1, '4', '微妙平衡的花朵芬芳與樹脂香氣，後味則是木質香氣。\n \n 玫瑰精露、薑、焚香以及膠薔樹。', 'null', '2020-06-20 00:57:58', '2020-06-20 00:57:58'),
(29, 'P0029', 'BYREDO 旋轉木馬香氛蠟燭', 'P0029', 'null', '240g', 2200, 10, 3, 1, '3', '甜美多汁的無花果香氣，滿溢而出的甜美辛香。\n \n 肉桂、多汁無花果、香根草以及琥珀。', 'null', '2020-06-20 00:58:02', '2020-06-20 00:58:02'),
(30, 'P0030', 'BYREDO 懷舊書香香氛蠟燭', 'P0030', 'null', '240g', 2200, 10, 3, 1, '4', '在皮革以及蜜桃與香草甜蜜的完美平衡。\n \n 桃子、李子、皮革以及香草。', 'null', '2020-06-20 00:58:07', '2020-06-20 00:58:07'),
(31, 'P0031', 'CHANEL N°5典藏香水', 'P0031', 'P0031_2', '100ml', 4800, 10, 7, 2, '1', 'N°5，女性魅力的極致精髓。乙醛花束香氣，蘊藏於簡約俐落的瓶身設計。經典香氛，傳奇不朽。', '前調： 香水樹花、格拉斯橙花、乙醛\n 中調： 五月玫瑰、格拉斯茉莉\n 後調： 麥索爾檀木香、波旁香根草', '2020-01-03 10:10:10', '2020-01-03 11:10:10'),
(32, 'P0032', 'CHANEL N°5 L\'EAU清新晨露淡香水', 'P0032', 'null', '100ml', 4800, 10, 7, 2, '1', '經典地位無可取代的當代香氛傳奇之作CHANEL N°5，融匯當代的靈魂，創作出嶄新N°5 L’EAU清新晨露淡香水，清新脫俗又優雅迷人的活力香氛，搭配極致簡約的包裝設計， 是現代女性獨一無二的美麗首選。 N°5 L’EAU清新晨露淡香水的創作概念無疑地比 N°5 系列的其他前身作品更鮮明，份的構成提升了柑橘香氣，彷彿艷陽下的花蜜般。檸檬與柑橘的香調在肌膚上逸散，並在奧利維耶‧波巨的精選乙醛襯托之下迸發。接連襲來的香氛就像第二陣風一般，好比花朵在風中搖曳，又彷彿薄絹幽微地飄忽著。玫瑰香與氧化後的茉莉花香交融，搭配以嶄新方式萃取的伊蘭伊蘭香調，使整體的香氣顯得現代而時尚。花香的微風吹過以後，取而代之的是心頭一顫的悸動，旺盛的生命力在體內翻湧，那是香根草與西洋杉的餘韻，伴隨蓬鬆輕柔的白麝香調。', '前調： 檸檬、橘子、柳橙、橙花\n 中調： 格拉斯玫瑰、茉莉、依蘭\n 後調： 雪松、白麝香', '2020-01-03 10:10:11', '2020-01-03 11:10:11'),
(33, 'P0033', 'CHANEL CHANCE 綠色氣息淡香水', 'P0033', 'null', '50ml', 3280, 10, 7, 2, '2', '2002年，香奈兒CHANCE香水誕生，揉和花香、清新、感性等驚喜香調，彷彿愛情乍現在靈魂深處，令人目眩神迷。「機會是我的靈魂」香奈兒女士說道。 CHANCE香水獨特的銀色鑲邊的圓形瓶身，搭配精緻的霧面瓶蓋，閃亮透明的綠，充滿了令人驚喜的清新香氛能量，彷彿一首快版奔放的愛情樂章，柑橘香調的清新、木質香調的柔和纖細，讓這款綠色新香，充滿快樂明亮、清新奔放的活躍魅力！', '香調： 香櫞、茉莉、柚木', '2020-01-03 10:10:12', '2020-01-03 11:10:12'),
(34, 'P0034', 'CHANEL CHANCE 粉紅甜蜜香水', 'P0034', 'null', '50ml', 3280, 10, 7, 2, '1', '揉合茉莉花與玫瑰濃郁精萃，綻放璀璨香調。花果香氣，令人目眩神迷，溫柔絮語完整詮釋，徹底散發女性魅力。', '前調： 葡萄柚、溫桲\n 中調： 茉莉、玫瑰\n 後調： 白麝香', '2020-01-03 10:10:13', '2020-01-03 11:10:13'),
(35, 'P0035', 'CHANEL GABRIELLE 嘉柏麗香水', 'P0035', 'null', '100ml', 5600, 10, 7, 2, '1', '香奈兒嘉柏麗香水的調性花香滿溢，瑩透繚繞。由四種花朵組成純粹的花香調：帶著異國情調的馥郁茉莉花、綻放明亮果香調的依蘭依蘭，加上清新璀璨的橙花，以及充滿女人味的格拉斯晚香玉。', '香 調 \n 前 味： 柑橘、葡萄柚、黑醋栗\n 中 味： 晚香玉、依蘭、茉莉、橙花\n 後 味： 檀香、麝香', '2020-01-03 10:10:14', '2020-01-03 11:10:14'),
(36, 'P0036', 'CHANEL GABRIELLE ESSENCE 嘉柏麗琉金香水', 'P0036', 'null', '100ml', 5600, 10, 7, 2, '1', '在嘉柏麗琉金香水中，大幅提高晚香玉的比例，並保留了最初嘉柏麗香水明亮耀眼的香氣，在前調以紅莓、柑橘調突顯出甜美柔和氣味，輕盈溫柔又美好的晚香玉融合其中，同時加入的檀香、麝香與香草帶出飽滿的圓潤感，就像被花蜜包裹，徜徉在溫暖的陽光裡。', '香 調 \n 前 味： 柑橘、苦橙葉、桃子、黑醋栗、紅漿果\n 中 味： 晚香玉、依蘭、茉莉、橙花、椰子\n 後 味： 檀香、麝香、香草', '2020-01-03 10:10:15', '2020-01-03 11:10:15'),
(37, 'P0037', 'CHANEL 摩登COCO香水隨身瓶', 'P0037', 'null', '20ml*3', 4980, 10, 8, 2, '1', '香奈兒摩登COCO香水散發怡人的東方調，一款朝氣蓬勃，飽滿馥郁的香氛。開瓶後，清爽淡雅，充滿活力的柑橘香氣撲鼻而來，中調則是茉莉與玫瑰花香，綻放澄透性感的魅力。最後注入廣藿香、香根草作為餘韻，烘托出充滿層次的細緻結構。這款適合放在包包中的時尚香氛配件，有著純淨的白色上漆外殼、耀眼的金色鑲邊，美麗而充滿個性的瓶身，能夠輕鬆放入妳的衣服口袋、包包內袋，與妳鍾愛的最新款時尚手機或各種新潮電子科技產品，相互輝映。', '香 調 \n 前 味： 柑橘\n 中 味： 茉莉、玫瑰花\n 後 味： 廣藿香、香根草', '2020-06-20 00:58:16', '2020-06-20 00:58:16'),
(38, 'P0038', 'CHANEL 摩登COCO隔離髮香噴霧', 'P0038', 'null', '35ml', 1560, 10, 8, 2, '1', '輕柔的髮香霧在髮梢留下純粹柔美的芳香，讓髮絲柔軟光亮，並具有預防其乾澀作用。霧面瓶身搭配珠光金環的白色瓶蓋，可輕鬆收納於手提包內。', '香 調 \n 前 味： 柑橘\n 中 味： 茉莉、玫瑰花\n 後 味： 廣藿香、香根草', '2020-06-19 12:57:38', '2020-06-19 12:57:38'),
(39, 'P0039', 'CHANEL CHANCE 隨身香氛筆', 'P0039', 'P0039_2', '1.2g*4', 2600, 10, 8, 2, '1', '2020年1月上市的塗抹式的香氛筆(Perfume Pencils)，在粉紅色盒子中一次裝著4支不同馬卡龍色系的香氛筆，分別代表四種不同版本的 CHANCE 香水：經典CHANCE注入滿滿正能量，CHANCE綠色氣息飄逸清新活力，CHANCE 粉紅甜蜜散發溫柔魅力，CHANCE橙光輕舞則流露盎然生機。每個味道除了個別使用，其實也能疊擦創造出更多屬於自己的獨特香氣。', 'null', '2020-06-20 00:58:22', '2020-06-20 00:58:22'),
(40, 'P0040', 'CHANEL GABRIELLE 嘉柏麗沐浴精', 'P0040', 'null', '200ml', 1600, 10, 4, 2, '1', '香奈兒嘉柏麗沐浴精讓您沉浸在細緻的花香中，裊裊芬芳縈繞全身。\n 成分：\n 該款沐浴凝露散發香奈兒嘉柏麗香水純粹的花香調，蘊藏於如出一轍的香水瓶身內。以 4 種純白花朵作為基調的溫暖花香調，充滿異國情調的茉莉花，質地溫潤、芬芳縈繞，搭配依蘭依蘭充滿翠綠果香的宜人香調，漾盪閃耀光采；清爽璀璨的橙花徹底綻放光芒，與格拉斯晚香玉一同翩然起舞。', '香 調 \n 前 味： 柑橘、葡萄柚、黑醋栗\n 中 味： 晚香玉、依蘭、茉莉、橙花\n 後 味： 檀香、麝香', '2020-01-03 10:10:19', '2020-01-03 11:10:19'),
(41, 'P0041', 'CHANEL N°5 L\'EAU清新晨露隨身乳霜', 'P0041', 'null', '50ml', 2100, 10, 6, 2, '1', '香奈兒 N°5 L\'EAU 清新晨露隨身乳霜的設計靈感汲取自全新N°5 香水 - N°5 L\'EAU 清新晨露香水，為一款同時適用於玉手和身體肌膚的香氛乳霜，質地滋潤吸收快，散發雅緻芳香。嶄新呈現 N°5 L\'EAU清新晨露香水系列的用香方式。透過極簡包裝，歌頌洗鍊個性。便攜俐落，使用方便，搭配純白柔霧包裝，散發清新當代風情。', '前調： 檸檬、橘子、柳橙、橙花\n 中調： 格拉斯玫瑰、茉莉、依蘭\n 後調： 雪松、白麝香', '2020-01-03 10:10:19', '2020-01-03 11:10:19'),
(42, 'P0042', 'CHANEL PLATINUM EGOISTE男性淡香水', 'P0042', 'null', '50ml', 1740, 10, 7, 2, '2', '活力充沛、真情流露、並精神鼓舞的香水。 清新調—香草調—木香調，絕配的組合，傳達能量、陽光、與力量，不但即興、充滿活力、並且坦率真誠。', '香調：雪松、薰衣草、苦橙葉、香根草', '2020-01-03 10:10:20', '2020-01-03 11:10:20'),
(43, 'P0043', 'CHANEL ALLURE 男性淡香水', 'P0043', 'null', '100ml', 2100, 10, 7, 2, '4', '清爽辛香的木質調性，和諧融洽的香氣，綻放男性獨有的剛毅魅力。\n 香檸檬清爽的氣息，使香根草乾淨濃郁的香調脫穎而出。東加豆與岩玫瑰溫潤的香氣，在馬達加斯加黑胡椒的烘托下，賦予悠遠深層的餘韻。', '香調：佛手柑、零陵香豆和香料、香根草', '2020-01-03 10:10:21', '2020-01-03 11:10:21'),
(44, 'P0044', 'CHANEL BLEU 藍色男性香水', 'P0044', 'null', '100ml', 2380, 10, 7, 2, '4', '香奈兒藍色男性系列化身香水，透過雅緻濃郁的香氣，彰顯剛毅瀟灑的性格。\n 香奈兒藍色男性香水「木質芳香調」為基底，揉合新喀里多尼亞檀香的高雅香氣，再加入琥珀西洋杉和東加豆香調，呈現溫潤性感的芬芳。', '香 調\n 前 味： 粉紅胡椒、柑橘果香調、香根草\n 中 味： 葡萄柚、西洋杉、琥珀岩薔\n 後 味： 乳香、生薑、檀香木', '2020-01-03 10:10:22', '2020-01-03 11:10:21'),
(45, 'P0045', 'CHANEL BLEU 藍色男性隨身淡香水', 'P0045', 'null', '20ml*3', 3250, 10, 8, 2, '4', '香奈兒藍色男性系列隨身香精採實用設計，旅行攜帶方便，20 ml 補充瓶可供隨時補香。以簡約方式重新演繹香奈兒藍色男性淡香水的木質芳香韻味，迸發溫潤性感的特質。\n \n 成分\n 香奈兒藍色男性隨身淡香水由柑橘果類、草本植物、生薑與西洋杉等逐步展開，從輕盈到穩重，融合成完美柔和的木質芳香調，釋放出一股如地中海灌木叢林般的濃郁豐富、多層次香氣，散發出一種難以掌握的男性魅力', '香 調 \n 前 味： 粉紅胡椒、柑橘果香調、香根草\n 中 味： 葡萄柚、西洋杉、琥珀岩薔\n 後 味： 乳香、生薑、檀香木', '2020-06-20 12:36:18', '2020-06-20 12:36:18'),
(46, 'P0046', 'diptyque 影中之水淡香水', 'P0046', 'null', '100ml', 3900, 10, 7, 3, '1', '訴說著白日夢囈、平靜河畔、夏日青草地...保加利亞玫瑰及黑醋栗葉融合出絕佳的香氛基調：\n 黑醋栗葉帶著綠葉清新，與保加利亞玫瑰花瓣呼應出花卉最鮮明的美感，瞬間引出細緻的感官饗宴。', '香調：黑醋栗葉、保加利亞玫瑰', '2020-01-03 10:10:22', '2020-01-03 11:10:22'),
(47, 'P0047', 'diptyque 依蘭之水淡香水', 'P0047', 'null', '100ml', 3900, 10, 7, 3, '1', '以顛覆傳統的全新創作篇章，向「依蘭依蘭」獻上尊崇，異國情調歡沁濃烈而又反覆交織相得益彰。\n \n 略帶鮮嫩澄澈感的綠色香調 ─ 紫羅蘭及黑醋栗葉，另外更選擇了清新、粉紅胡椒般的辛香，和諧揉合了彷彿被陽光灑落的木質香調。\n \n 。', '香調：依蘭依蘭、 紫羅蘭、黑醋栗葉、粉紅胡椒', '2020-01-03 10:10:24', '2020-01-03 11:10:24'),
(48, 'P0048', 'diptyque 感官之水淡香水', 'P0048', 'null', '100ml', 3900, 10, 7, 3, '2', '這是場引發意象的饗宴。它滲入肌底、在味蕾間散發滋味，喚醒沉睡的感官。\n 感官之水緊密的與創造初衷相連著，從橙葉、花朵，以至果皮的點滴精華，完美地綻放出柑橘調與生俱來的無窮活力。\n 像一支音符躍動，輕巧滲進肌膚裡的樂曲。\n 由橙花、苦橙、杜松子、當歸、廣藿香共同譜寫的變奏和弦，令人嚮往不已。', '香調：橙花、苦橙、杜松子、當歸、廣藿香', '2020-01-03 10:10:25', '2020-01-03 11:10:25'),
(49, 'P0049', 'diptyque 青蕨淡香精', 'P0049', 'null', '75ml', 4800, 10, 7, 3, '2', '薄荷這種與眾不同的氣息，如同希臘故事的仙女門塔密不可分。\n 門塔正是被冥王黑帝斯施法變身成為這種獨具特色的芬芳植株。\n Eau de Minthé的靈感源自這段神話故事，薄荷也是調香界標誌性香調薰苔調的基礎。\n 在整款香氛作品中，薄荷清新撲鼻的香氣令天竺葵的靈動花香更顯魅力，\n 而深沉的廣藿香則添上了一分淡然。', '香調：薄荷、天竺葵、廣藿香、玫瑰醚', '2020-01-03 10:10:26', '2020-01-03 11:10:26'),
(50, 'P0050', 'diptyque 杜桑淡香精', 'P0050', 'null', '75ml', 4800, 10, 7, 3, '1', 'Yves Coueslant兒時曾於越南下龍灣度過夏日，為了逃離濕熱的氣候，他的父親於當地海防市遠離海港的Do Son建造了一座小亭。\n \n 那裡的空氣清涼舒適，海風輕撫帶來了攝人心魄的晚香玉香氣。這精緻令人迷醉的晚香玉芬芳，帶有果實與花朵之間神秘，也正是他母親最喜愛的花朵。', '前調：粉紅莓、橙花\n 中調：晚香玉、茉莉\n 基調：麝香', '2020-01-03 10:10:28', '2020-01-03 11:10:28'),
(51, 'P0051', 'diptyque 杜耶爾淡香精', 'P0051', 'null', '75ml', 4800, 10, 7, 3, '3', '唱頌旅行與香草的讚歌，滿載遙遠的夢想，杜耶爾展現的是帶著香草踏上香料之路的無窮魅力。沿途經過傳奇地點包括印度果亞、迦太基、威尼斯與巴比倫，令它釋放出與眾不同的新香氣：菖蒲的鮮明搭配莎草油暗沉且略帶煙燻的質感。跨越時間與地域的界限，源自馬達加斯加的香草於光影間發出迷人風采。', '前調：粉紅胡椒、荳蔻\n 中調：索馬利亞乳香、印度紅茶\n 基調：波本梵尼蘭、海地岩蘭草', '2002-01-04 11:11:22', '2020-01-03 11:10:29'),
(52, 'P0052', 'diptyque 希臘無花果淡香精', 'P0052', 'null', '75ml', 4800, 10, 7, 3, '2', '希臘皮立翁山的夏天便是該款香氛的靈感之源。通往通往海邊的路途中出現一片野生無花果園。正午的陽光燃燒著大地，微風吹拂下陣陣木香與果香撲面而來。\n \n 希臘無花果香調是致以整株無花果樹的讚歌：樹葉的清爽綠意、白木的馥郁濃香，還有果實的乳香氣息。', '前調：無花果葉\n 中調：無花果乳\n 基調：無花果木、白雪松', '2002-01-05 11:11:22', '2020-01-04 11:10:29'),
(53, 'P0053', 'diptyque 維堤里歐淡香精', 'P0053', 'null', '75ml', 4800, 10, 7, 3, '4', '來自海地南部萊凱地區細如金絲的岩蘭草與精細木香的混搭。\n 以岩蘭草作為核心原料的香氛作品奇蹟般地散發出豐富而獨特的氣息。\n \n 葡萄柚略帶苦味與柑橘風韻的特質昇華出天然清新的木香。\n 在廣藿香作用下不斷增強的煙熏與辛香氣味，岩蘭草本身的嗅感亦由此變得更加馥郁。\n 與此同時，土耳其玫瑰芳香出人意料地顯現出來，為這場精彩絕倫的感官盛宴帶來些許花卉的柔美與性感，從而令此款岩蘭草香氛達到花香與木香的完美和諧。', '香調：木質柑橘香調\n 前調：檸檬、柚子、萊姆、橘子\n 中調：天竺葵、依蘭、玫瑰、紅蘿蔔籽、肉豆蔻、丁香\n 基調：香根草、白麝香、雪松木', '2002-01-04 11:11:26', '2020-01-03 11:10:33'),
(54, 'P0054', 'diptyque 譚道淡香精', 'P0054', 'null', '75ml', 4800, 10, 7, 3, '4', '夜間的濕潤微風將馥郁的木辛香吹散於空中。森林飄散著宜人的檀香，在竹林間的熱帶霧氣，讓香氣更加濃郁。Yves 無法抹去這童年時代的美好記憶。來自印度邁索爾(Mysore)的檀香融入清新的柏樹與香桃木香氣，令回憶完美再現。', '前調：邁索爾檀木\n 中調：玫瑰木、雪松\n 基調：柏樹、龍涎香', '2002-01-04 11:11:27', '2020-01-03 11:10:34'),
(55, 'P0055', 'diptyque 玫瑰之水髮香噴霧', 'P0055', 'null', '30ml', 1780, 20, 8, 3, '1', '散發綿密輕柔的玫瑰香調，宛如正在恣意綻放的花瓣。', '', '2002-01-04 11:11:28', '2020-01-03 11:10:35'),
(56, 'P0056', 'diptyque 感官之水髮香噴霧', 'P0056', 'null', '30ml', 1780, 10, 8, 3, '4', '凸顯出感官之水香氛的靈動與柑橘清香，同時亦帶有新鮮氣息與香料嗅感。', '', '2002-01-04 11:11:29', '2020-01-03 11:10:36'),
(57, 'P0057', 'Ddiptyque 薰衣草手部清潔露', 'P0057', 'null', '300ml', 1500, 10, 6, 3, '1', '此液狀潔手露，溫和的清潔及滋潤你的雙手。', '香調：有機薰衣草花水、有機迷迭香花水、薰衣草花蜜、依蘭依蘭', '2002-01-05 11:11:29', '2020-01-04 11:10:36'),
(58, 'P0058', 'diptyque 磨砂護膚潔手液', 'P0058', 'null', '350ml', 2000, 10, 6, 3, '4', '含有去除角質的橄欖石，能夠清潔肌膚，並使肌膚柔軟潔淨。 \n 香氣：當鮮花、綠葉，交融於沉穩木質氣息，\n 完美調和出馥郁花園的協奏，並昇華為月桂花朵的獨特香氣。\n \n 使用方法:\n 於清水中用手搓揉潔手液至起泡，並徹底沖洗。每日使用一次。', '', '2002-01-06 11:11:29', '2020-01-05 11:10:36'),
(59, 'P0059', 'diptyque 絲絨護手乳', 'P0059', 'null', '350ml', 2100, 10, 6, 3, '1', '羅馬洋甘菊和芝麻籽油為主配方的絲絨護手乳，\n 為雙手覆上愉悅的甜杏仁，和熱情的苦橙葉香調，\n 具滋潤、修護、再生功效，給予雙手全然純粹、深具誘惑力的呵護。', '', '2002-01-07 11:11:29', '2020-01-06 11:10:36'),
(60, 'P0060', 'diptyque 感官之水潔膚露', 'P0060', 'null', '200ml', 1200, 10, 4, 3, '2', '橙花及苦橙氣息在杜松子與苦橙葉的綜合作用下，令整款香氛盡顯清新舒適。', '', '2002-01-08 11:11:29', '2020-01-07 11:10:36'),
(61, 'P0061', 'diptyque 希臘無花果潔膚露', 'P0061', 'null', '200ml', 1200, 10, 4, 3, '2', '希臘無花果香水，\n 如同回憶的輸送帶，蘊含著溫柔而細膩的氣息，\n 使人回想起那段在希臘盛夏，於無花果樹下渡過的慵懶時光。\n \n 在乳白色的無花果果實中，\n 泛出一股清淡而不甜膩的香味，\n 夾雜著無花果葉片的幾分生澀，巧妙地揉和了椰奶的醇香。\n \n -\n 在遠處飄來的淡淡香氣，\n 讓一段深刻且難忘的記憶，\n 重新浮現在眼前，使人沈醉於其中。', '香調︰\n 無花果葉、無花果樹汁、無花果樹木、黑胡椒', '2002-01-04 11:11:36', '2020-01-03 11:10:43'),
(62, 'P0062', 'diptyque 譚道潤澤沐浴膏', 'P0062', 'null', '200ml', 1200, 10, 4, 3, '2', '使用方法：使用溫水打濕並搓揉按摩後沖淨。 \n 主要成分：檀香，雪松，柏樹、香桃木。', '', '2002-01-04 11:11:37', '2020-01-03 11:10:44'),
(63, 'P0063', 'diptyque 茉莉花絲緞潤澤油', 'P0063', 'null', '100ml', 1500, 10, 5, 3, '1', '萃取茉莉原精，味道濃郁香甜，帶著琥珀及陽光香氣的茉莉花香，其中更透出淡淡蜂蜜的甜味與清新柑橘的綠色香味；同時以帶有皮革及菸草味的番紅花香氣，佐些微辛辣與伊蘭伊蘭的花香，創造出充滿渡假氣息的香味。可於潔淨沐浴後使用於全身肌膚，給予肌膚難以想像的細緻潤澤感，更能塗抹於髮梢，使頭髮更加柔軟並散發光澤。', '', '2002-01-04 11:11:39', '2020-01-03 11:10:46'),
(64, 'P0064', 'diptyque 漿果香室內噴霧', 'P0064', 'null', '150ml', 2000, 10, 3, 3, '1', '果香、花香、綠色香調；影中之水淡香水的另一種演繹。\n 展現出玫瑰花束以及黑醋栗葉片混合而成，令人無法抗拒的甜蜜清新。\n \n 使用方法：\n 室內噴霧可以與香氛蠟燭搭配使用，在香氛蠟燭釋香前先為室內增添芬芳。\n 可在適當的距離噴於空氣中或織品上，噴在織品上可使香味更持久。在織品的30cm外噴灑使用。\n 注意：使用時避免火源，及接觸到油漆或拋光表面。', '', '2002-01-04 11:11:40', '2020-01-03 11:10:47'),
(65, 'P0065', 'diptyque 含羞草室內噴霧', 'P0065', 'null', '150ml', 2000, 10, 3, 3, '2', '甜美、陽光、溫柔而充滿療癒感。含羞草具有溫暖的陽光特色及無盡柔嫩的甜美。', '', '2002-01-04 11:11:41', '2020-01-03 11:10:48'),
(66, 'P0066', 'diptyque 柏樹室內噴霧', 'P0066', 'null', '150ml', 2000, 10, 3, 3, '4', '鄉村的樹脂與樹幹香味。在希臘的陽光照耀下散發香氣的柏樹。\n 使用方法：\n 室內噴霧可以與香氛蠟燭搭配使用，在香氛蠟燭釋香前先為室內增添芬芳。\n 可在適當的距離噴於空氣中或織品上，噴在織品上可使香味更持久。在織品的30cm外噴灑使用。\n 注意：使用時避免火源，及接觸到油漆或拋光表面。', '', '2002-01-04 11:11:42', '2020-01-03 11:10:49'),
(67, 'P0067', 'diptyque 玫瑰擴香精', 'P0067', 'null', '75ml', 5800, 10, 3, 3, '1', '從花園中新鮮採摘的玫瑰花，洋溢著天然的柔美氣息。使用方法：\n 無需插電或外力，獨特且專屬的擴香方式：依據重力毛細現象原理，特殊的冷擴香方式保存香氛調性的完整度。\n 擴香週期：1 小時。\n 緩緩釋出香氣、循序漸進。適用於小空間(20平方公尺)或在大空間中營造一個香氣氛圍（3-4公尺區域）\n 擴香精一旦被翻轉，即開始擴香；液體浸透中央5根引線流下。\n 請勿中斷擴香週期，影響香氛在玻璃瓶間的流動，可能導致香氛滲漏。等待15分鐘，確保所有液體均已由中部的擴香管完全滴完後，方可翻轉。', '', '2002-01-04 11:11:43', '2020-01-03 11:10:50'),
(68, 'P0068', 'diptyque 聖日爾曼大道34號擴香精', 'P0068', 'null', '75ml', 5800, 10, 3, 3, '4', '揉皺的樹葉、辛香的樹木、具異國情調的香料氣息。完美呈現品牌聖日爾曼大道34號巴黎總店的氣息，獨特而又極具代表性。', '', '2002-01-04 11:11:44', '2020-01-03 11:10:51'),
(69, 'P0069', 'diptyque 漿果香擴香精', 'P0069', 'null', '75ml', 5800, 10, 3, 3, '1', '難以抗拒的玫瑰花束搭配黑醋栗葉及漿果，展現無與倫比的清新氣息。', '', '2002-01-04 11:11:45', '2020-01-03 11:10:52'),
(70, 'P0070', 'Ddiptyque 彩色香氛蠟燭-黑色漿果香', 'P0070', 'null', '300g', 2900, 10, 3, 3, '1', '', '', '2002-01-04 11:11:46', '2020-01-03 11:10:53'),
(71, 'P0071', 'diptyque 彩色香氛蠟燭-橘色琥珀', 'P0071', 'P0071_2', '300g', 2900, 10, 3, 3, '4', '溫暖、木質、皮革香氣。\n \n 令人著迷的神秘，結合了木質香調的岩蘭草與廣藿香，\n 並添加明亮的茴香籽、粗曠的香料味、神秘的薰香、岩薔薇與東加豆。', '', '2002-01-04 11:11:47', '2020-01-03 11:10:54'),
(72, 'P0072', 'diptyque 經典複刻香氛蠟燭-普魯佩斯', 'P0072', 'P0072_2', '220g', 2800, 10, 3, 3, '4', '普魯佩斯（La Prouveresse）是 Yves Coueslant過去住在格拉斯附近時，常經過的路名。\n \n 這是一條沿途種著無花果樹、柏樹、芳香草本植物，\n 漫步時會發出沙沙聲響，落葉隨風飄揚，充滿地中海風情的小路。', '香調：無花果樹、雪松、柏樹', '2002-01-04 11:11:48', '2020-01-03 11:10:55'),
(73, 'P0073', 'diptyque 維堤里歐香氛蠟燭', 'P0073', 'null', '190g', 1100, 10, 3, 3, '4', '清新、帶有泥土味的木質香調。充滿泥土氣息的芬芳，被纖長葉片浸潤的土壤清新香氣。\n \n \n 使用方法：\n 點燃後使用，第一次使用時，請至少燃燒一個小時以上，建議每次使用不超過3-4小時。', '', '2002-01-04 11:11:49', '2020-01-03 11:10:56'),
(74, 'P0074', 'Jo Malone 黑莓子與月桂葉古龍水', 'P0074', '', '100ml', 4000, 10, 7, 4, '2', '彷彿兒時採摘黑莓的回憶，撲鼻而來的是深沉又帶酸味的黑莓汁香氣，與新鮮採收的月桂和荊棘木的清新氣息相互混搭，活潑且充滿春天氣息。', '前調：黑莓子、葡萄柚\n \n 中調：月桂葉、花香\n \n 後調：雪松木、香草根', '2020-01-03 11:10:38', '2020-01-13 11:10:48'),
(75, 'P0075', 'Jo Malone 黑琥珀與野薑花芳醇古龍水', 'P0075', '', '100ml', 5800, 10, 7, 4, '3', '在日本香道儀式中被視為瑰寶的迦邏木，令日本香道藝術的鑑賞價值昇華至更高，馥郁細緻的琥珀和黑蘭花，沐浴於黑小荳蔻、薑及荷花性感潔淨香氣，讓身心放鬆舒適。', '前調：生薑、粉紅胡椒、黑荳蔻\n \n 中調：睡蓮、茉莉、玫瑰\n \n 後調：焚香、廣藿香、皮革、檀香、黑琥珀', '2020-01-04 11:10:38', '2020-01-03 11:10:36'),
(76, 'P0076', 'Jo Malone 焚香與香櫞芳醇古龍水', 'P0076', '', '100ml', 5800, 10, 7, 4, '3', 'Jo Malone焚香與香櫞靈感來自中東的阿曼焚香，調香大師Marie Salamagne以現代手法調出了神秘古老的香調，使用木本調與柑橘香調的樹脂突顯焚香多元的特質，加入安息香襯托焚香的溫暖、柔和與香甜，勞丹脂強調了焚香的感性，癒創木則讓煙燻氣息更加鮮明，香櫞的新鮮柑橘香調、與帶有木本清香的扁豆與欖香，為阿曼焚香帶出辛辣清香的氣息。', '', '2020-01-05 11:10:38', '2020-01-03 11:10:37'),
(77, 'P0077', 'Jo Malone 烏木與佛手柑芳醇古龍水', 'P0077', '', '100ml', 5800, 10, 7, 4, '3', '受尊崇的珍貴烏木，其神秘與煙燻個性被重新演繹，用佛手柑的調皮活力及香橙冰砂香調，是非常魅惑迷人的中東香調。', '', '2020-01-06 11:10:38', '2020-01-03 11:10:38'),
(78, 'P0078', 'Jo Malone 青檸羅勒與柑橘沐浴凝膠', 'P0078', '', '250ml', 1300, 10, 4, 4, '2', 'Jo Malone London經典香氣，充滿辛香的羅勒及芬芳的百里香，為青檸香氣帶來出乎意料的轉折，宛如吹拂著加勒比海微風。我們的沐浴凝膠泡沫豐富滋潤，能溫柔潔淨並喚醒肌膚，為肌膚留下奢華迷人芬芳。', '香調：柑橘、羅勒、琥珀木', '2020-01-07 11:10:38', '2020-01-03 11:10:39'),
(79, 'P0079', 'Jo Malone 鼠尾草與海鹽沐浴凝膠', 'P0079', '', '250ml', 1300, 10, 4, 4, '2', '遠離繁囂，獨自沿岸漫步，感受迎面海風，伴隨瀰漫海鹽與浪花的清新空氣；懸崖的礦物氣息令人精神一振，與鼠尾草純樸的木本香相交融著。清爽、活潑、渾然的愉悅。此款沐浴凝膠泡沫豐富滋潤，能溫柔潔淨並喚醒肌膚，為肌膚留下奢華迷人芬芳。', '香調：海鹽、鼠尾草、黃葵籽', '2020-01-08 11:10:38', '2020-01-03 11:10:40'),
(80, 'P0080', 'Jo Malone 青檸、羅勒與柑橘手部及身體潤膚乳液', 'P0080', '', '250ml', 2000, 10, 5, 4, '2', '經典的香氣。 充滿辛香的羅勒及芬芳的百里香，能為青檸香氣帶來出乎意料的轉折，宛如吹拂著加勒比海微風。 經典又時尚， 富含椰子油的手部及身體手部及身體潤膚乳液容易吸收，能立即保濕與滋潤肌膚，並能有效擴散香氣，讓肌膚散發迷人氣息。', '香調：柑橘、羅勒、琥珀木', '2020-01-09 11:10:38', '2020-01-03 11:10:41'),
(81, 'P0081', 'Jo Malone 英國梨與小蒼蘭手部及身體潤膚乳液', 'P0081', '', '250ml', 2000, 10, 5, 4, '1', '質地清爽且香氣奢華；英國梨與小蒼蘭手部及身體水手部及身體潤膚乳液容易吸收且保濕效果良好，呈現水潤與淡香的肌膚。', '香調：梨子、小蒼蘭、琥珀、廣藿香', '2020-01-10 11:10:38', '2020-01-03 11:10:42'),
(82, 'P0082', 'Jo Malone 黑莓與月桂葉手部及身體潤膚乳液', 'P0082', '', '250ml', 2000, 10, 5, 4, '2', '撲鼻而來的是深邃酸澀的黑莓汁香氣，與新鮮採收的月桂和荊棘木的清新氣息相互混搭。綻放活潑青翠氣息。富含椰子油的身體及潤手液容易吸收，能立即保濕與滋潤肌膚，並能讓肌膚散發迷人香氣。', '前調：黑莓子、葡萄柚\n \n 中調：月桂葉、花香\n \n 後調：雪松木、香草根', '2020-01-11 11:10:38', '2020-01-04 11:10:42'),
(83, 'P0083', 'Jo Malone 鼠尾草與海鹽香氛工藝蠟燭', 'P0083', '', '200g', 2100, 10, 3, 4, '2', '逃離繁囂，獨自沿岸漫步，感受迎面海風，伴隨瀰漫海鹽與浪花的清新空氣。懸崖的礦物氣息令人精神一振，與鼠尾草純樸的木本香相交融著。清爽、活潑、渾然的愉悅。可以提振精神、可以安定心情或是為家中增添一股奢華香氣。 以奢華的馥郁香氛工藝蠟燭轉變居室氛圍。 香氛蠟燭的燃燒時間為45小時，附有上蓋。', '香調：海鹽、鼠尾草、黃葵籽', '2020-01-12 11:10:38', '2020-01-05 11:10:42'),
(84, 'P0084', 'Jo Malone 牡丹與胭紅麂絨香氛工藝蠟燭', 'P0084', '', '200g', 2100, 10, 3, 4, '1', '擁有雍容的牡丹花香，搭配紅蘋果誘人香氣，以及茉莉、玫瑰和紫羅蘭的馥郁芳香；再融入柔和的胭紅麂絨香，散發奢華迷人氣息。 可以提振精神、可以安定心情或是為家中增添一股奢華香氣，轉變居室氛圍。 香氛蠟燭的燃燒時間為45小時，附有上蓋。', '香調：牡丹、紅蘋果、茉莉、玫瑰、紫羅蘭、麂皮絨', '2020-01-13 11:10:38', '2020-01-06 11:10:42'),
(85, 'P0085', 'Jo Malone 青檸羅勒與柑橘香氛工藝蠟燭', 'P0085', '', '200g', 2100, 10, 3, 4, '2', '充滿辛香的羅勒及芬芳的白色百里香，能為青檸香氣帶來出乎意料的轉折，宛如吹拂著加勒比海微風。 經典又時尚， 可以提振精神、可以安定心情或是為家中增添一股奢華香氣，轉變居室氛圍。 香氛蠟燭的燃燒時間為45小時，附有上蓋。', '香調：柑橘、羅勒、百里香、琥珀木', '2020-01-14 11:10:38', '2020-01-07 11:10:42'),
(86, 'P0086', 'Jo Malone 含羞草與小荳蔻香氛工藝蠟燭', 'P0086', '', '200g', 2100, 10, 3, 4, '1', '含羞草的一抹蜜香，輕裹於散發著辛香的鮮搗小荳蔻中。晨曦初採的大馬士革玫瑰與天芥菜粉嫩氣息之間，隱隱滲出豐腴的東迦豆香氣， 與檀香木的柔滑，溫暖、純粹、難以忘懷。 可以提振精神、安定心情或為家中增添一股奢華香氣，轉變居室氛圍。 香氛蠟燭的燃燒時間為45小時，附有上蓋。', '香調：含羞草、荳蔻、玫瑰、東迦豆、檀香', '2020-01-15 11:10:38', '2020-01-08 11:10:42'),
(87, 'P0087', 'Jo Malone 青檸羅勒與柑橘藤枝擴香組', 'P0087', '', '165ml', 3200, 10, 3, 4, '2', '充滿辛香的羅勒及芬芳的白色百里香，能為青檸香氣帶來出乎意料的轉折，宛如吹拂著加勒比海微風。 時尚又典雅，擁有低調流線的設計感。 此款藤枝擴香組能輕鬆為任何空間增添餘韻悠長的香氣。', '香調：柑橘、羅勒、百里香、琥珀木', '2020-01-16 11:10:38', '2020-01-09 11:10:42'),
(88, 'P0088', 'Jo Malone 英國梨與小蒼蘭藤枝擴香組', 'P0088', '', '165ml', 3200, 10, 3, 4, '1', '猶如新鮮採摘的清新梨子香氣，搭配白色小蒼蘭所綻放的花香，佐以琥珀、廣藿香與木質香調的柔和芳香。 擁有奢華的金色光澤，以及低調時尚的包裝設計感。 此款藤枝擴香組能輕鬆為任何空間增添餘韻悠長的香氣。', '香調：梨子、小蒼蘭、琥珀、廣藿香', '2020-01-17 11:10:38', '2020-01-10 11:10:42'),
(89, 'P0089', 'Jo Malone 紅玫瑰藤枝擴香組', 'P0089', '', '165ml', 3200, 10, 3, 4, '1', '集結全世界七種最雅緻奢華的玫瑰。 搭配壓碎的紫羅蘭葉及少許檸檬香，彷彿新鮮採摘的花束芳香。 散發令人驚訝的清淨淡香。低調時尚的包裝設計感。 此款藤枝擴香組能輕鬆為任何空間增添餘韻悠長的香氣。', '香調：玫瑰、紫羅蘭葉、檸檬', '2020-01-18 11:10:38', '2020-01-11 11:10:42'),
(90, 'P0090', 'Le Labo SANTAL 33 淡香精', 'P0090', 'P0090_2', '50ml', 5000, 10, 7, 5, '4', '向美國西部致敬，以香菸品牌Marlboro的粗曠形象為靈感啟發，並暗示了男性氣概和個人自由。\n 帶有煙燻味的木質香調，一點的辛香，皮革與麝香調性隱藏在其中，充滿感性，刺激感官的氣味。', '前味：紫羅蘭葉、鳶尾花、紙莎草\n 中味：小豆蔻、雪松、香根草\n 後味：檀香木、龍涎香醚', '2002-01-04 11:11:39', '2020-01-03 11:10:46'),
(91, 'P0091', 'Le Labo ROSE 31 淡香精', 'P0091', '', '50ml', 5000, 10, 7, 5, '1', '將著名的草玫瑰（Grasse Rose）轉變成一種男人和女人都可以佩戴的堅韌有力的香水。調和了玫瑰原精與玫瑰精油的美好，\n 透過辛香、木香和大量的麝香增添其迷人特質。極具特色，將以性感與柔美特質聞名的格拉斯玫瑰，帶著中性性感的芬芳，略為溫潤的辛辣木質香氣，透露著引人入勝的神秘感。', '前味：玫瑰\n 中味：小茴香、胡椒、丁香、肉豆蔻\n 後味：乳香、雪松、琥珀、岩蘭草', '2002-01-04 11:11:40', '2020-01-03 11:10:47'),
(92, 'P0092', 'Le Labo BERGAMOT 22 淡香精', 'P0092', '', '50ml', 5000, 10, 7, 5, '2', '難以抗拒的科隆香調，主體為閃爍著的佛手柑香氣。令人驚艷的個性與多變性格；\n 清新、乾淨、充滿活力、彷彿具有氣泡感。', '', '2002-01-04 11:11:41', '2020-01-03 11:10:48'),
(93, 'P0093', 'Le Labo ANOTHER 13 淡香精', 'P0093', '', '50ml', 5000, 10, 7, 5, '4', '2010年，Another雜誌委託Le Labo製作獨家香水。這個項目的誕生歸功於colette的Sarah，她發起了Le Labo與《 AnOther》雜誌主編Jefferson Hack之間的創造性合作。這項合作的結果是ANOTHER 13，一種催眠和獨特的香味。\n \n 它由合成動物麝香Ambroxan組成，與茉莉花，苔蘚和黄葵籽等十二種其他成分完美混合。', '香調：龍涎香醚、麝香、琥珀、檜木、茉莉、苔蘚', '2002-01-04 11:11:42', '2020-01-03 11:10:49'),
(94, 'P0094', 'Le Labo NOIR 29 淡香精', 'P0094', '', '50ml', 5000, 20, 7, 5, '4', 'Noir 29透過佛手柑，無花果和月桂葉的光與雪松木，香根草和麝香的深度之間的持久振盪，結合了深度和新鮮度，柔軟度和強度。紅茶的特殊提取物通過將配方中的干燥，多葉，乾草，煙草的感覺帶到干燥處，從而將其轉化為感官和令人上癮的本質。', '香調：佛手柑、月桂葉、雪松、香根草、麝香、紅茶', '2002-01-04 11:11:43', '2020-01-03 11:10:50'),
(95, 'P0095', 'Le Labo ROSE 31 淡香精', 'P0095', '', '15ml', 2580, 20, 8, 5, '1', '將著名的草玫瑰（Grasse Rose）轉變成一種男人和女人都可以佩戴的堅韌有力的香水。調和了玫瑰原精與玫瑰精油的美好，\n 透過辛香、木香和大量的麝香增添其迷人特質。極具特色，將以性感與柔美特質聞名的格拉斯玫瑰，帶著中性性感的芬芳，略為溫潤的辛辣木質香氣，透露著引人入勝的神秘感。', '前味：玫瑰\n 中味：小茴香、胡椒、丁香、肉豆蔻\n 後味：乳香、雪松、琥珀、岩蘭草', '2020-06-20 00:58:58', '2020-06-20 00:58:58'),
(96, 'P0096', 'Le Labo ANOTHER 13 淡香精', 'P0096', '', '15ml', 2580, 20, 8, 5, '4', '2010年，Another雜誌委託Le Labo製作獨家香水。這個項目的誕生歸功於colette的Sarah，她發起了Le Labo與《 AnOther》雜誌主編Jefferson Hack之間的創造性合作。這項合作的結果是ANOTHER 13，一種催眠和獨特的香味。\n \n 它由合成動物麝香Ambroxan組成，與茉莉花，苔蘚和黄葵籽等十二種其他成分完美混合。', '香調：龍涎香醚、麝香、琥珀、檜木、茉莉、苔蘚', '2020-06-20 00:59:01', '2020-06-20 00:59:01'),
(97, 'P0097', 'Le Labo NOIR 29 淡香精', 'P0097', '', '15ml', 2580, 20, 8, 5, '4', 'Noir 29透過佛手柑，無花果和月桂葉的光與雪松木，香根草和麝香的深度之間的持久振盪，結合了深度和新鮮度，柔軟度和強度。紅茶的特殊提取物通過將配方中的干燥，多葉，乾草，煙草的感覺帶到干燥處，從而將其轉化為感官和令人上癮的本質。', '香調：佛手柑、月桂葉、雪松、香根草、麝香、紅茶', '2020-06-20 00:59:04', '2020-06-20 00:59:04'),
(98, 'P0098', 'Le Labo ROSE 31 沐浴膠', 'P0098', '', '237ml', 1800, 20, 4, 5, '1', '不能被分類的玫瑰香調，男性女性都熱愛它。\n 調和了玫瑰原精與玫瑰精油的美好，透過辛香、木香和大量的麝香增添其迷人特質。 \n 極具特色，將以性感與柔美特質聞名的葛拉斯玫瑰，轉化為充滿陽剛衝突醉人氣質。 \n \n \n 使用方法：取適量塗抹於手部或身體肌膚。 \n 主要成分：維他命A&E、椰子油...如原廠所示。', '香調：格拉斯玫瑰、小茴香、胡椒、丁香、肉豆蔻、乳香、雪松、琥珀、岩蘭草', '2002-01-04 11:11:47', '2020-01-03 11:10:54'),
(99, 'P0099', 'Le Labo ANOTHER 13 沐浴膠', 'P0099', '', '237ml', 1800, 20, 4, 5, '4', '2010年，Another雜誌委託Le Labo製作獨家香水。這個項目的誕生歸功於colette的Sarah，她發起了Le Labo與《 AnOther》雜誌主編Jefferson Hack之間的創造性合作。這項合作的結果是ANOTHER 13，一種催眠和獨特的香味。\n \n 它由合成動物麝香Ambroxan組成，與茉莉花，苔蘚和黄葵籽等十二種其他成分完美混合。以經典的龍涎香醚為基礎，加上其他12種原料，耀眼刺激的清新香氣，令人難以忘懷。 \n \n 使用方法：取適量塗抹於手部或身體肌膚。 \n 主要成分：維他命A&E、椰子油...如原廠所示。', '香調：龍涎香醚、麝香、琥珀、檜木、茉莉、苔蘚', '2002-01-04 11:11:48', '2020-01-03 11:10:55'),
(100, 'P0100', 'Le Labo 檜木洗手露', 'P0100', '', '250ml', 800, 20, 6, 5, '4', '一種簡潔，厚實的液體洗手皂。\n \n 這種基於植物的配方由沙棘（抗氧化劑），迷迭香葉（用於撫慰），甘蔗（用於清潔）製成。扁柏的氣味是受日本高野山的佛教寺院啟發的，帶有周圍森林的扁柏樹的神秘，散發著溫暖和迷人的氣味。', '', '2002-01-04 11:11:49', '2020-01-03 11:10:56'),
(101, 'P0101', 'Le Labo 檜木護手霜', 'P0101', '', '55ml', 900, 20, 6, 5, '4', '深層滋養配方，質地輕軟不黏膩，適合乾燥的雙手。\n \n 這種植物性配方由乳木果油、甜杏仁（用於保濕），牡丹根（用於修復）製成，並且不含對羥基苯甲酸酯，鄰苯二甲酸酯和人造色素。扁柏的氣味是受日本高野山的佛教寺院啟發的，帶有來自周圍森林的扁柏樹的神秘，散發著溫暖和迷人的氣味。', '', '2002-01-04 11:11:50', '2020-01-03 11:10:57'),
(102, 'P0102', 'Le Labo SANTAL 33 潤膚油', 'P0102', '', '120ml', 2300, 20, 5, 5, '4', '帶有煙燻味的木質香調，一點的辛香，皮革與麝香調性隱藏在其中，充滿感性，刺激感官的氣味。此保養油富含維生素E和荷荷巴油，可軟化和撫平您的皮膚。', '前味：紫羅蘭葉、鳶尾花、紙莎草\n 中味：小豆蔻、雪松、香根草\n 後味：檀香木、龍涎香醚', '2002-01-04 11:11:51', '2020-01-03 11:10:58'),
(103, 'P0103', 'Le Labo ANOTHER 13 潤膚油', 'P0103', '', '120ml', 2300, 20, 5, 5, '4', 'ANOTHER 13，一種催眠和獨特的香味。它由合成動物麝香Ambroxan組成，與茉莉花，苔蘚和黄葵籽等十二種其他成分完美混合。此保養油富含維生素E和荷荷巴油，可軟化和撫平您的皮膚。', '香調：龍涎香醚、麝香、琥珀、檜木、茉莉、苔蘚', '2002-01-04 11:11:52', '2020-01-03 11:10:59'),
(104, 'P0104', 'Le Labo CALONE 17 香氛蠟燭', 'P0104', '', '245g', 2300, 20, 3, 5, '2', '海洋香調與天竺葵和琥珀混合在一起，將海與微風帶到您的客廳。\n 經典蠟燭都裝在厚實的玻璃杯中，玻璃杯上貼有您的名字或地址的標籤。我們的蠟燭基於大豆蠟，並使用純棉芯。', '香調：海洋香調、天竺葵、琥珀', '2002-01-04 11:11:53', '2020-01-03 11:11:00'),
(105, 'P0105', 'Le Labo PETIT GRAIN 21 復古香氛蠟燭', 'P0105', '', '195g', 2000, 20, 3, 5, '', '豐富而優雅的橙花與甜美的綠色相互融合，彷彿置身於苦橙樹花園般悠然。\n \n 我們的蠟燭基於大豆蠟，並使用純棉芯。', '', '2002-01-04 11:11:54', '2020-01-03 11:11:01'),
(106, 'P0106', 'Le Labo SANTAL 26 復古香氛蠟燭', 'P0106', '', '195g', 2000, 20, 3, 5, '', '高貴優雅，充滿貴族氣息的香調，第一時間就展現溫和、煙薰和皮革般的質地。\n 它將會充斥整個空間，賦予它真實的性格。\n 我們的蠟燭基於大豆蠟，並使用純棉芯。', '', '2002-01-04 11:11:55', '2020-01-03 11:11:02');

-- --------------------------------------------------------

--
-- 資料表結構 `sessions`
--

CREATE TABLE `sessions` (
  `session_id` varchar(128) CHARACTER SET utf8mb4 COLLATE utf8mb4_bin NOT NULL,
  `expires` int(11) UNSIGNED NOT NULL,
  `data` mediumtext CHARACTER SET utf8mb4 COLLATE utf8mb4_bin DEFAULT NULL
) ENGINE=InnoDB DEFAULT CHARSET=utf8mb4 COLLATE=utf8mb4_unicode_ci;

-- --------------------------------------------------------

--
-- 資料表結構 `Shop`
--

CREATE TABLE `Shop` (
  `id` int(11) NOT NULL,
  `shopId` varchar(100) COLLATE utf8mb4_unicode_ci NOT NULL,
  `shopName` varchar(100) COLLATE utf8mb4_unicode_ci DEFAULT NULL,
  `shopAddress` varchar(100) COLLATE utf8mb4_unicode_ci DEFAULT NULL,
  `shopPhone` varchar(100) COLLATE utf8mb4_unicode_ci DEFAULT NULL,
  `shopEmail` varchar(100) COLLATE utf8mb4_unicode_ci DEFAULT NULL,
  `shopPassword` varchar(100) COLLATE utf8mb4_unicode_ci DEFAULT NULL,
  `created_at` datetime NOT NULL DEFAULT current_timestamp(),
  `updated_at` datetime NOT NULL DEFAULT current_timestamp() ON UPDATE current_timestamp()
) ENGINE=InnoDB DEFAULT CHARSET=utf8mb4 COLLATE=utf8mb4_unicode_ci;

--
-- 傾印資料表的資料 `Shop`
--

INSERT INTO `Shop` (`id`, `shopId`, `shopName`, `shopAddress`, `shopPhone`, `shopEmail`, `shopPassword`, `created_at`, `updated_at`) VALUES
(1, 'S_0001', 'LFP', '台北市大安區復興南路二段', '0911333444', 'LFP0111@gmail.com', '45131b5263f8173579c81c8a3190dd2a1d5dcc61', '2020-06-20 15:46:40', '2020-06-20 15:47:30');

-- --------------------------------------------------------

--
-- 資料表結構 `Users`
--

CREATE TABLE `Users` (
  `id` int(11) NOT NULL,
  `userId` varchar(100) COLLATE utf8mb4_unicode_ci DEFAULT NULL,
  `userAccount` varchar(100) COLLATE utf8mb4_unicode_ci DEFAULT NULL,
  `userPassword` varchar(100) COLLATE utf8mb4_unicode_ci DEFAULT NULL,
  `userFirstName` varchar(10) COLLATE utf8mb4_unicode_ci DEFAULT NULL,
  `userLastName` varchar(10) COLLATE utf8mb4_unicode_ci DEFAULT NULL,
  `userMobile` varchar(10) COLLATE utf8mb4_unicode_ci DEFAULT NULL,
  `userEmail` varchar(100) COLLATE utf8mb4_unicode_ci DEFAULT NULL,
  `userGender` varchar(3) COLLATE utf8mb4_unicode_ci DEFAULT NULL,
  `userCity` varchar(10) COLLATE utf8mb4_unicode_ci DEFAULT NULL,
  `userDistrict` varchar(10) COLLATE utf8mb4_unicode_ci DEFAULT NULL,
  `userAddress` varchar(100) COLLATE utf8mb4_unicode_ci DEFAULT NULL,
  `userPostCode` int(5) DEFAULT NULL,
  `userLevel` varchar(1) COLLATE utf8mb4_unicode_ci DEFAULT NULL,
  `userProgress` int(100) DEFAULT NULL,
  `created_at` datetime DEFAULT current_timestamp(),
  `updated_at` datetime DEFAULT current_timestamp() ON UPDATE current_timestamp()
) ENGINE=InnoDB DEFAULT CHARSET=utf8mb4 COLLATE=utf8mb4_unicode_ci;

--
-- 傾印資料表的資料 `Users`
--

INSERT INTO `Users` (`id`, `userId`, `userAccount`, `userPassword`, `userFirstName`, `userLastName`, `userMobile`, `userEmail`, `userGender`, `userCity`, `userDistrict`, `userAddress`, `userPostCode`, `userLevel`, `userProgress`, `created_at`, `updated_at`) VALUES
(1, '12', '12', NULL, NULL, NULL, NULL, NULL, NULL, NULL, NULL, NULL, NULL, NULL, NULL, '2020-06-12 14:53:26', '2020-06-12 14:53:26');

-- --------------------------------------------------------

--
-- 資料表結構 `WishList`
--

CREATE TABLE `WishList` (
  `id` int(11) NOT NULL,
  `userId` varchar(10) COLLATE utf8mb4_unicode_ci NOT NULL,
  `itemId` varchar(1000) COLLATE utf8mb4_unicode_ci NOT NULL
) ENGINE=InnoDB DEFAULT CHARSET=utf8mb4 COLLATE=utf8mb4_unicode_ci;

--
-- 傾印資料表的資料 `WishList`
--

INSERT INTO `WishList` (`id`, `userId`, `itemId`) VALUES
(1, 'U0001', '[P0001]');

--
-- 已傾印資料表的索引
--

--
-- 資料表索引 `book`
--
ALTER TABLE `book`
  ADD PRIMARY KEY (`id`,`bookId`);

--
-- 資料表索引 `Brand`
--
ALTER TABLE `Brand`
  ADD PRIMARY KEY (`brandId`);

--
-- 資料表索引 `Class`
--
ALTER TABLE `Class`
  ADD PRIMARY KEY (`id`,`classId`);

--
-- 資料表索引 `ClassCategory`
--
ALTER TABLE `ClassCategory`
  ADD PRIMARY KEY (`id`,`classCategoryId`);

--
-- 資料表索引 `ClassDescription`
--
ALTER TABLE `ClassDescription`
  ADD PRIMARY KEY (`id`),
  ADD UNIQUE KEY `classId` (`classId`);

--
-- 資料表索引 `Coupon`
--
ALTER TABLE `Coupon`
  ADD PRIMARY KEY (`couponId`);

--
-- 資料表索引 `CreditCards`
--
ALTER TABLE `CreditCards`
  ADD PRIMARY KEY (`id`,`userId`);

--
-- 資料表索引 `Fragance`
--
ALTER TABLE `Fragance`
  ADD PRIMARY KEY (`fraganceId`);

--
-- 資料表索引 `ItemCategories`
--
ALTER TABLE `ItemCategories`
  ADD PRIMARY KEY (`itemCategoryId`);

--
-- 資料表索引 `Items`
--
ALTER TABLE `Items`
  ADD PRIMARY KEY (`id`,`itemId`);

--
-- 資料表索引 `sessions`
--
ALTER TABLE `sessions`
  ADD PRIMARY KEY (`session_id`);

--
-- 資料表索引 `Shop`
--
ALTER TABLE `Shop`
  ADD PRIMARY KEY (`id`,`shopId`);

--
-- 資料表索引 `Users`
--
ALTER TABLE `Users`
  ADD PRIMARY KEY (`id`);

--
-- 資料表索引 `WishList`
--
ALTER TABLE `WishList`
  ADD PRIMARY KEY (`id`),
  ADD UNIQUE KEY `userId` (`userId`);

--
-- 在傾印的資料表使用自動遞增(AUTO_INCREMENT)
--

--
-- 使用資料表自動遞增(AUTO_INCREMENT) `book`
--
ALTER TABLE `book`
  MODIFY `id` int(11) NOT NULL AUTO_INCREMENT;

--
-- 使用資料表自動遞增(AUTO_INCREMENT) `Brand`
--
ALTER TABLE `Brand`
  MODIFY `brandId` int(100) NOT NULL AUTO_INCREMENT, AUTO_INCREMENT=6;

--
-- 使用資料表自動遞增(AUTO_INCREMENT) `Class`
--
ALTER TABLE `Class`
  MODIFY `id` int(11) NOT NULL AUTO_INCREMENT, AUTO_INCREMENT=5;

--
-- 使用資料表自動遞增(AUTO_INCREMENT) `ClassCategory`
--
ALTER TABLE `ClassCategory`
  MODIFY `id` int(11) NOT NULL AUTO_INCREMENT, AUTO_INCREMENT=3;

--
-- 使用資料表自動遞增(AUTO_INCREMENT) `ClassDescription`
--
ALTER TABLE `ClassDescription`
  MODIFY `id` int(11) NOT NULL AUTO_INCREMENT, AUTO_INCREMENT=5;

--
-- 使用資料表自動遞增(AUTO_INCREMENT) `CreditCards`
--
ALTER TABLE `CreditCards`
  MODIFY `id` int(11) NOT NULL AUTO_INCREMENT, AUTO_INCREMENT=2;

--
-- 使用資料表自動遞增(AUTO_INCREMENT) `Fragance`
--
ALTER TABLE `Fragance`
  MODIFY `fraganceId` int(50) NOT NULL AUTO_INCREMENT COMMENT '香調編號', AUTO_INCREMENT=5;

--
-- 使用資料表自動遞增(AUTO_INCREMENT) `ItemCategories`
--
ALTER TABLE `ItemCategories`
  MODIFY `itemCategoryId` int(10) NOT NULL AUTO_INCREMENT, AUTO_INCREMENT=10;

--
-- 使用資料表自動遞增(AUTO_INCREMENT) `Items`
--
ALTER TABLE `Items`
  MODIFY `id` int(6) NOT NULL AUTO_INCREMENT, AUTO_INCREMENT=107;

--
-- 使用資料表自動遞增(AUTO_INCREMENT) `Shop`
--
ALTER TABLE `Shop`
  MODIFY `id` int(11) NOT NULL AUTO_INCREMENT, AUTO_INCREMENT=2;

--
-- 使用資料表自動遞增(AUTO_INCREMENT) `Users`
--
ALTER TABLE `Users`
  MODIFY `id` int(11) NOT NULL AUTO_INCREMENT, AUTO_INCREMENT=3;

--
-- 使用資料表自動遞增(AUTO_INCREMENT) `WishList`
--
ALTER TABLE `WishList`
  MODIFY `id` int(11) NOT NULL AUTO_INCREMENT, AUTO_INCREMENT=5;
COMMIT;

/*!40101 SET CHARACTER_SET_CLIENT=@OLD_CHARACTER_SET_CLIENT */;
/*!40101 SET CHARACTER_SET_RESULTS=@OLD_CHARACTER_SET_RESULTS */;
/*!40101 SET COLLATION_CONNECTION=@OLD_COLLATION_CONNECTION */;
